,E187_592,E27_23,E130_288,E74_602,E43_557,E181_223,E36_680,E68_1190,E99_22,E40_1463,E114_1022,E189_1381,E154_1268,E63_900,E12_837,E1_1234,E19_1281,E143_722,E169_518,E147_177,E8_216,E162_303,E129_179,E16_1391,E171_1447,E145_1385,E82_667,E164_1105,E48_871,E85_361,E78_1458,E86_992,E42_1404,E15_624,E96_1475,E93_820,E142_161,E134_685,E65_189,E184_351,E131_878,E193_262,E56_1247,E20_135,E138_1497,E186_1231,E67_22,E120_634,E152_1023,E141_1277,E35_1329,E31_339,E5_242,E39_385,E44_1128,E28_361,E163_1213,E87_556,E106_26,E97_113,E182_95,E139_1428,E91_464,E59_5,E115_1282,E192_24,E132_735,E95_1418,E177_434,E75_367,E47_770,E89_1499,E4_1110,E155_1445,E199_900,E57_1005,E185_420,E135_496,E25_167,E123_1058,E72_1073,E70_1340,E14_1400,E173_853,E127_1093,E77_480,E128_1053,E84_852,E119_840,E45_1152,E80_958,E144_1339,E190_163,E7_415,E88_996,E53_324,E62_10,E29_841,E197_301,E111_104,E37_1474,E13_767,E160_1200,E38_866,E32_340,E50_480,E64_1442,E174_28,E21_336,E165_13,E33_961,E113_1259,E102_1368,E79_273,E92_941,E159_409,E136_198,E122_1292,E140_1396,E118_1043,E52_66,E183_1337,E196_1131,E191_805,E49_963,E109_154,E161_929,E157_924,E73_1401,E76_795,E34_140,E146_258,E195_1380,E112_414,E170_582,E108_646,E158_827,E133_992,E103_609,E10_232,E151_802,E83_1099,E55_599,E137_1238,E58_553,E0_792,E121_1301,E24_336,E17_338,E148_1139,E172_803,E41_1458,E125_46,E176_241,E61_399,E30_736,E18_1366,E90_712,E2_907,E54_826,E66_942,E179_1370,E26_154,E104_285,E168_744,E126_935,E105_1228,E194_72,E149_964,E153_902,E23_1062,E9_772,E110_388,E3_469,E60_300,E98_1219,E100_169,E22_1239,E150_1355,E198_840,E178_303,E6_1308,E94_197,E188_1223,E46_1482,E175_101,E180_1124,E117_92,E81_330,E101_198,E107_1021,E167_1095,E11_1079,E156_231,E69_736,E71_282,E124_129,E51_1237,E166_1132,E116_1134
g1,2.2460423710412294,2.3601731546943863,2.470371123436726,2.1886507695502693,2.915377402063269,2.85596210936268,2.682229894590341,3.0329966998429714,2.2224400512766107,0.18779073314684688,2.75764736746426,0.12733349059271487,2.33271331704982,2.5496597923415525,2.831465766468808,3.123479623544698,2.3472113061169693,2.603186415337649,2.2967236297146814,2.4056570083364397,2.3324802175865056,1.993097244657858,2.423421727455771,3.1951909429395875,0.007568919446769912,2.4364711482103623,2.675821702949275,2.853416887632493,2.4577836070930905,2.9769688033626984,1.1484943215746348,2.5971492660293896,0.8715104934252464,2.156872579048732,2.265679064934172,2.639334436149241,2.791037772808928,2.492166876916353,3.3522337660465897,2.433097593489878,3.261171618704065,2.583418283758722,2.862182829782357,2.360448117894756,0.053466363959593935,2.447756457250933,2.7250859544816164,2.6902362502388337,2.791741697341368,1.986027615540119,2.1389497374922604,3.0145325195967927,2.693152498875147,1.99819224800246,2.2187725536800507,2.2948029121303426,2.1239808545823733,2.604253278599326,2.2374285129992004,2.4432812175858607,2.7675292316829663,0.015293566394644853,2.588845550717981,1.767689325322822,1.2995931860929812,2.7866538923049657,2.5144949298697816,0.6718506436544336,3.329385908649323,2.4916444172356464,2.4990269097375326,0.3032451159403713,2.2472510766475096,0.009262921191659428,2.741627420542476,2.1677770769408684,2.757499328410378,2.7222275990960805,2.84331536568027,2.488286753534461,2.8399079279062884,1.1526934759537737,0.017238265115593773,1.7692322949684594,2.8460167916110026,2.4769800223720417,2.4949681369965027,2.586901897576788,2.177641300764586,2.452523586775668,2.3466640735954045,0.4243283563112499,2.865092556652676,2.7752251086343063,1.8619812370629665,2.4357524084266853,1.5686329013900016,1.917976660512596,2.0362076944653906,2.724919428035545,0.008158242990898911,1.9986228574088825,2.6913738007736394,2.383223748431106,2.852257834745931,2.3969151237132285,0.00892325484249877,2.6742520960755667,2.5273522141814517,2.524072893489927,2.214611945622844,2.6504596270073466,1.7699988609782655,2.0261444059043727,3.0758746976854443,1.7802467793024752,2.9907383505989054,2.3522566043725144,1.6659468627724017,3.052505321532917,3.032267517062405,2.511952215013242,2.6591397000058694,3.2321841901148067,2.321212604098076,2.0463815660811857,2.3945226327036533,3.0972290377212914,0.08582954738525651,2.5412160074801435,2.9728467742660394,2.7742083040268577,2.664844124455524,2.3736059925755995,2.3505292068844312,2.868145687789898,2.1818326476306287,2.02050785032249,2.613434214731107,2.371592089523358,1.8681427458398705,2.052992086564709,2.1629675792953793,2.5842642435430045,2.5757757684272486,2.990359067018371,2.4337518640686477,2.5142130619958687,2.7865465419878888,2.3622302125408914,2.420031792367335,0.04865551977506315,2.200381909173053,3.262790914169825,2.488742619083925,2.4596498410233107,2.7479322839803784,3.0355806575266167,2.2062976489122748,3.192675321676582,2.104991440037512,2.922404519167481,2.5911695451520798,2.6014695460853003,2.7249079790778143,2.200598158237589,2.365698926416236,2.615575028038632,2.512257715458396,2.714260989675452,2.250659788372348,2.4815749312002167,2.721089908817144,2.3283806349805447,2.4882176266908287,2.4985830881616096,2.6891991972245703,1.7995943831193202,2.7465568531769557,2.7095660745394112,2.1122690637542103,2.506420551031252,2.531792786284281,2.0479200805225357,0.3777495284252349,2.2338661396223367,2.1700112039377357,2.8074592601905843,2.624702159500695,2.8890855899123387,3.243531242749418,2.685870845232962,2.9526900630740505,2.8680660123156905,2.4285739428103525,2.0979654348051984,3.0298164032911274,2.8360247696586187,2.449503134607784,2.4928584237913634
g10,0.020021771435647463,0.013419953095366985,0.005830903875390499,0.04617682278821587,0.09057332715613084,0.013870327713513451,0.006933165572566647,3.2395451776403967,0.0003172971049126292,2.360204770639204,2.4483765145174834,2.357132643094612,2.762730381857877,2.424958707619137,2.527148686767629,2.1997535026569626,2.5096809354431957,3.186533907889105,0.02076803330543448,0.0030638406624923517,0.0028316573451892717,0.00018286022188058245,0.025704176812365573,2.4804787723382606,2.6553178446244883,2.7636122510173817,0.034409263156205135,2.8959723636369907,2.5602728879713577,0.005707564065109638,2.9242243779717767,2.4840857806984173,2.597677158158644,0.14897724865376835,2.5565296815603684,2.2662807871831334,0.08826246134545812,1.894339634198135,0.0032916786310912102,0.05062876885313725,2.5022224609741883,0.0061258283216021345,2.8073997355407516,0.003236368733129213,2.417780946514816,2.142901969054089,0.012750782252388706,0.005843845369594128,2.129856537477186,3.1722411252429934,2.5219259343621494,0.06241404615900131,0.02749445505139432,0.012315647943860844,2.6848006619579827,0.011172314706683652,2.8329951744417077,0.005322194792897793,0.02891441447733324,0.057753193310884826,0.00497199221028917,2.243925918535144,0.010227961223877645,0.02859228383116555,2.4724294546181467,0.04237510098295756,1.9040683882809863,2.2512782818232653,0.0007182962041278492,0.013267513803590862,3.1452662396652293,2.2918161232098515,2.2115637999361946,2.955628380319826,2.505200595318766,1.6615231521739982,0.016379328639434504,0.0008037988684652551,0.1935489124817598,3.3676916974148465,3.926868512794035,2.0230730892173217,2.247962379172301,3.0603125477397946,2.474982834957401,0.004341603173814775,1.885279430731632,2.2755956375365374,3.4532153705205184,1.832235358636816,2.7457580593364046,2.2587173881269207,0.0069128901028578885,0.0057340238770620345,2.5729425392133223,0.0024044010626364373,0.00518612594424174,2.314777330007661,0.02249097467077776,0.01594829658288682,1.9839401382352253,2.8055860274678524,2.5398926570153777,2.1568151978248755,0.01134711601687979,0.008832633741506859,2.3435895626751746,0.01265168632437344,0.002100209490460265,0.045323599841909416,2.3832861195605437,3.0596097874623682,2.386110693945129,0.0010912599698933414,3.3056966708804865,0.00667101266139578,0.007849724367713275,3.2576037777667666,2.4870995266914813,2.2215362033769543,0.012113840087309341,2.2802758792707274,2.9886299798496663,2.6611720072074894,2.521919652823897,0.001957684314351905,2.729980347288148,2.810220062899392,2.4359140455423467,2.972394500631273,0.07512723244741402,0.01358477442303174,2.294488155479712,0.03464979058219959,0.01082917248433826,0.016648667080452383,2.417974165642825,2.679068780546985,0.012203758060845598,0.010735741404340284,2.5621608383690573,2.8028924453707336,0.06762378662788461,2.2539424533578645,0.0017549932537927295,2.4907257148821937,2.743135493862704,0.002260592985081744,0.002117922408673837,2.946801813374518,2.1173286479557563,2.583399697334856,0.008681259046580897,0.0014452231415753,0.0006606356386873072,0.7493332090958322,2.1554053508065945,0.2496992331102051,3.2782705013136084,2.738438122235018,2.987310489724724,2.647758956789948,0.01588499700562051,4.1567171170676574e-05,1.9755731987685057,2.3148227238166177,2.4824951805430246,0.0364299638348884,2.6047175957167537,2.486363416562824,2.280045993064065,1.7259338721508457,0.013838069973408487,0.031386601595132665,0.014470077471007047,2.1676670947112795,0.10494620353524313,2.409346457637993,2.1635159800746937,2.767798294888212,0.007536212788846277,2.4016394247328865,0.009185782187537522,2.5466315662344847,2.221691767214649,0.005053712601913781,3.085697119097741,0.022182108146750867,0.05920297987256986,0.035977171862338106,2.5964373690235667,2.942759011999537,2.0208056091333786,0.014312935777933725,2.4449124159271896,0.0007344562776791713,0.05956017381927006,2.3732641736857474,2.3103142405340167,2.656889019348424
g11,0.042289903691312664,0.09528582985773236,0.0028111956191779718,0.01640123417447085,0.005731897165007211,0.0005317812122546325,0.004866688480886166,2.0992147264869123,0.001928668094858932,2.5349770409129895,2.4283768811984383,2.276106495944178,3.3386001926521813,2.6469183775667546,2.0889593669092608,2.8768250861996467,2.8601349896366366,1.9697676645902629,0.008480102211853495,0.005496594706991654,0.002537409623986751,0.005600733814494975,0.002958354942947625,2.2086387717290865,2.8927957929060466,2.15158751850134,0.01720543819767236,2.7944279511605203,1.8987078420087429,0.05506827114446389,2.490976663045779,2.4746030507000016,2.5290859211047945,0.008213878499340268,2.5650475683283664,2.5024146800058595,0.0004631132729065864,1.2674580793637715,0.020049075440595115,8.730395943725923e-05,2.3617529796289327,0.00021606246398250126,3.427689594592757,0.012006030039629086,2.2481056744827854,3.362639367153547,0.020243975433528003,0.012468473914030574,2.8160421965715643,2.707652842444761,2.4457311058301463,0.01217875903358746,0.022007200650263545,0.023252244941220968,3.055133408235572,0.001932209688816387,1.738689540316208,0.05361923185389193,0.06219161696105949,0.00020862317406094254,0.03315681034730629,2.738978134693451,0.0009842896038670269,0.016625131332916276,2.8367559331587007,5.640710623665063e-06,0.06346117609726981,2.8271506344426696,0.010897334193573142,0.006730416670727378,2.5843530567312034,2.505638864057017,3.2057924230768773,2.324973409662267,2.682961196502528,1.8532707867593232,0.007014145248889672,0.000321038687228865,0.012427399218943057,3.027035068168287,3.2535703179025037,2.3722809151281754,3.444723513447665,2.1593687082872433,2.3678670536117576,0.0183044610641505,2.3618928854541994,2.2938689531636824,1.9321882860912505,1.945899486129976,2.6615574979428094,2.545321540869252,0.019348527896412383,0.09117783362997414,3.287281087123932,0.004033293568036877,0.05968832705514687,2.2148014812914067,0.027236235787833712,0.00543256071110102,2.612917862907058,0.590628393321301,2.673941118333872,2.1435069066048977,0.0045946419334718935,0.01645627016575544,1.9629508669679296,0.0007131855957103561,0.01001071944071712,0.01081010276178663,2.3194645906557385,2.5599198956855127,2.6756731735508192,7.00592147869722e-05,2.9111642061765983,0.007922054801090405,0.00945938799395607,2.500670632988645,2.7153148087490777,2.9332709940645283,0.0010877032012385044,2.7449565857715545,2.52575713969036,2.2880726169748584,2.480020565344592,0.015983510027399974,3.2255041510350138,2.8526070423301535,2.7100618684030584,2.027014065245031,0.004651862432760376,0.01134645074156287,2.342499257882902,0.024715184593167003,0.030762450363094936,0.0262621847562257,1.9491379019511899,2.5150365851944807,0.0016050546070373248,0.00969023209917973,2.4015520647146387,3.327655752765459,0.018758884310573896,2.0358864557147007,0.008230856901130231,0.004420727662502668,2.6060026871377198,0.1077513877809015,0.014558664199769188,2.848782044375646,2.01978842848782,3.3036279623161318,8.94202659287942e-05,0.010640197481106064,0.05771297197540279,0.07786832993974567,2.2112135169900737,0.0035221525218762408,3.497514260335137,1.8037110936429577,3.756277862411904,2.0494021017497484,0.04021982368251563,0.02726141255111219,2.0516023451798566,3.4685336266200406,2.4799307947236238,0.02293887341469116,2.6328159480108067,3.3351043280795767,3.310118501155745,0.1092133496019334,0.00508942964000172,0.022449441962064564,0.029113509215708,2.67037896405891,0.006673547085214766,2.4322524583574827,3.1669669693661766,0.16636667229559066,0.006107754696052711,2.3443100734946447,0.046245070432175885,2.7534224810437693,2.9077111641987123,0.026973756665106572,2.7071145657140647,0.012465681385039774,0.02954687193455497,0.004734222971768535,2.860209225366383,2.60915286807794,2.193249182412876,0.05156797076763193,1.1218693591045317,0.09969240606495236,0.02958757842246472,2.3838486535713663,2.9955081753161563,2.0436138317092905
g12,0.00855442053252825,0.0005566993726661573,0.02857870586799371,0.006779116182209064,0.0021858366144290346,0.001593123847912832,0.009049894132877044,3.182377774715721,0.011261172814115044,2.405511338360459,2.61735817045175,2.69677212554698,1.6767024143702904,2.198855856910978,2.3630734402000706,3.0610078468545248,3.7438034814042553,0.022282880553745475,0.004513447392421417,0.015232708240207,0.006576653249128217,0.013889649210149672,0.06637081467537052,2.1267846274420283,2.4198743265712728,2.8828250493867964,0.012858064274430842,2.8162940998387387,1.569947380150334,0.006412085661016943,2.53769827027288,2.315187680493023,2.8659106487360777,0.018427051130142317,2.8820801267914584,0.0003533749709513853,0.0013155904543812724,0.08791050994772967,0.009482951612057151,0.003235130405534331,0.07297803996816431,0.012048385523054636,2.8827774673161173,0.013180142965941949,2.9158305137874425,2.6487937158301165,0.0021502795807976875,0.002166149759366763,2.8990465923758197,1.9026260298464428,2.9213106968888263,0.001195697775249683,0.11135687073200053,0.009714941605916141,2.2587832112197117,0.012444658392861708,2.5150891406018583,0.02808951469258417,0.008475159954071946,0.050329338468870534,0.003933873753114683,2.4810710851219646,0.009250652265048342,0.00890153478648266,2.4835665538509946,0.002566924422441021,0.01362668915830978,2.0243758161296723,0.05277485443516905,0.14810389757000367,0.026905581712734262,2.9577854749783183,2.3523148341424376,2.4514315522493084,0.9293007727726538,2.2859764043092223,0.0015346347711356215,0.0023555186866814413,0.004456558718622883,2.035792852145615,2.3844895438071023,2.9308786198904677,2.0742999689963466,1.8680339851190075,2.9533216963595605,0.011104849490865605,2.5009164106959814,1.3478797388673411,0.013696957914101679,2.6117075818984925,2.0941097926061487,2.7233135162523263,0.0591922477439162,0.0013882181429050635,2.1749762115075857,0.04920340068868924,0.002883848490154982,2.5664555215938423,0.020120327490232348,0.013227356126781251,2.4437799310811785,0.02755862712159896,2.844345610437297,0.2977906651738838,0.025503248102514458,0.004383988415894279,3.0077437555700364,0.06618678076951537,0.02721100326320597,0.035578005571324976,2.8685754535631856,2.081327149676374,1.7721985950698425,0.008307087231049679,2.66598289295521,0.08853670452747434,0.030629129076778887,2.1505038756723382,2.351545650637745,2.924179445967635,0.004061207058576107,2.220014806305351,2.9584260170723238,0.5783163775529553,2.802517498934737,0.015800662317522828,2.8856572775045395,2.099324083897092,2.7739107676711794,0.011851591180828071,0.003228430281159569,0.004775199396030438,3.0185717685114204,0.05839869898799754,0.012195650902127124,0.016008112979606942,0.011083391981743686,1.7432043373696933,0.0038127629954819494,0.005512202022222139,1.8386032201862368,2.6617495044968056,0.022528250677333262,2.7710670801739883,0.002444174732789378,0.0363804779322164,2.7269016638795174,0.013176973386946532,0.008236326983887914,2.030856089090792,1.977167276474604,2.8104176286337887,0.05286956741038488,0.10602226462272477,0.0669351158379455,0.04497292350772298,2.9561178989717285,0.050345224727491526,2.009064935137528,0.0017269711018167329,3.228025685066778,2.5123677879370696,0.06231788925357806,0.0018190865180344566,0.047010741712684566,1.8392149418218595,3.171395468254418,0.02587948115319093,2.708895585567592,2.2630623689401204,3.164014587309705,0.06647780979434513,0.0015155188567204274,0.009252335346023387,0.012481392584835115,2.452598875726113,0.011548649821920616,3.008696343799881,2.398995097613679,0.0025353175632966025,5.741217586743842e-06,2.3566801372089663,0.0004312879519148812,2.5662621459600548,3.0595392486565918,0.032489990708312426,2.320043733258979,0.05383746888163512,0.01114590090596257,0.020345347691956187,2.1913331016862414,2.2116872916939907,2.4558036993331505,0.08438616204784583,0.010135912649250966,0.06309510257732237,0.03777553985234503,2.886249095102135,2.866088224172545,2.6736895883934846
g13,0.0004073593163891002,0.002002199429914955,0.003958849895052474,0.002571251751279617,0.0100251729099835,0.007678828111163287,0.016941478840821297,2.564566699972134,0.0009219212622251688,2.4464131192532688,2.7150108345608683,2.29700672206732,2.3384680215901708,1.1984493221922532,0.003865575503842638,2.73048109129921,3.379892311198601,0.014022417151067784,0.0008535964963756878,0.0573104941342955,0.0472322958789068,0.04868502503573203,0.09542439197669986,2.6478781767223243,2.561714681950912,2.7360512858108996,0.035695345495257665,2.72839895220218,0.03603522113168056,0.004927176340469636,3.1147191777979093,2.735709525396252,3.155777410662663,0.0015328142553193461,2.620373924335441,0.0033577374806324466,0.0006968009782377174,0.014770400977589644,0.03100852182295072,0.01562833158828325,0.003775220102647439,0.022928439259425927,2.080132829476616,0.001707750419220732,2.5431591348399265,3.2382019810295977,0.0004495826848891996,0.0009641808227330686,2.4216020246260093,3.5795326947506965,2.20065010964168,0.04559477171395,0.010360267694839309,0.02857411607616132,2.8946742461136608,0.05245438200744408,2.9809960312235444,0.0014626827917673662,0.0179890571808213,0.0006656231210587704,0.009668118667178965,3.0440788448138,0.0022314701914432442,0.004230366968894073,2.330395622182849,0.024711354809313,0.0009884726495846122,3.1652498145869314,0.002727408126056235,0.026486833761716587,0.002717551542208584,2.5934890388452003,2.6620682307970003,2.429475424222503,0.055309661697668815,2.7040726812645,0.0011418802988284015,0.004763712222125044,0.0059615361811664,2.1752861298619623,2.5152113124971747,2.021807022419647,2.802542732154948,0.020256693273874717,2.3394952607787167,0.024499005829908733,2.536002118129973,0.00023253900327213121,0.0002297689727439813,1.9441889780548,0.0929484608089924,2.217373072056618,0.05102563410794172,0.00451986791683962,3.314750411395629,0.05795569076629326,0.007487865513570826,0.8957977507666558,0.020169093466105358,0.0019312078911642343,2.79279351274856,0.034174903712474176,2.4887663036961154,0.07097943410480265,0.051466186419188834,0.006083666724578387,2.0571634267933594,0.04741482863981253,0.12997152686000416,0.00934515537268096,2.9962664086309148,2.3356201352442816,3.156211315664757,0.008471287831389325,2.2805539375185875,0.020540359507990068,0.014759720398046062,2.0994198963641817,2.186208477533275,2.535072600802787,0.05378229924126735,2.581438327167339,2.9075502526514514,0.00912340955270896,3.1909652461170905,0.0013067635666634554,0.4968271826604054,1.2832675042438106,2.30303578821565,0.008482556581875064,0.025209256687017092,0.005220520456666884,2.522519782605351,0.033783682593523066,0.0035498411626914313,0.001551942643117522,0.04591920444694608,1.5834162322986636,0.006827717167790327,0.00557941047462027,0.013305907630127213,3.1666873445551595,0.17837792335157668,2.317131174013671,0.01384270152161822,0.013875515192918752,2.326996073263371,0.002625583505942739,0.0037003132661713204,2.3930698669451087,0.0009326411805054514,2.28407170756946,0.00988616502610548,0.01875133429838936,0.19036127097338648,0.025152148653568483,2.486447220363547,0.028027875358140747,0.006825494496825097,0.008295514447775794,2.7432101544877145,2.6928806130412077,0.014416702816927975,0.03966580232369552,0.0004805341541603461,0.4490552404247814,2.493840712875039,0.013540984790852972,0.5931947743290843,2.4426731146929224,2.5633222937430418,0.002725169685378363,0.011263398809342495,0.0010733965494498054,0.00800552462489173,3.038231847943903,0.013724115143439904,2.400813259166984,2.355696602353908,0.0008049488680081323,0.0020799279324223764,2.8439421145739194,0.0004689709355845577,2.069607348860741,2.284374824765995,0.07268369686763511,3.016418832780565,0.012582158216512613,0.02550477176424826,0.10053335697237964,1.9814702834507705,3.1510572954152347,2.3444121540505587,0.03487655915295194,0.002179526286362643,0.014533714215785053,0.059178922279232375,2.595915211266546,2.6472594693343217,2.540515248572172
g14,0.02378399227471059,0.0035313357547420428,0.06712329764339484,0.009038335238681385,0.026441727761789324,0.0651880788069795,0.0020317707837012693,2.200353658742537,0.010258321522990388,2.955381133111844,3.767911965859176,3.248363924046097,2.3588788784243437,0.016045328145897233,0.0006518658111176598,2.9064694615096873,1.978206654769596,0.018479061707467926,0.00018625308052280733,0.01771181843849186,7.361972182211312e-05,0.013210314885154006,0.0009975474622873212,2.5335552443387903,1.8054677311296872,2.5045120715216598,0.07038390407347381,2.9184059926483217,0.0057434487946253065,0.13014644922328686,2.9753110471212785,0.7277791043708294,2.805569507564728,0.1413122298434682,2.1854508202170773,0.02939711070321043,0.02069671113099461,0.00766104797180973,0.004335037351242471,0.0025570364610269128,0.02173922161085455,0.0044722481205049435,3.145890661660297,0.0767464165085708,2.472285342630144,3.0316393705136453,0.013263234017934859,0.027494885040153082,2.297713141354667,2.381305220037995,2.2271703701646475,0.04253720997701047,0.006002961633649757,0.07019977142400205,2.659056538854885,0.0071463078479519345,2.247719793729103,0.005203049463601562,0.1160945394668683,0.0028452890718257003,0.007317715797959042,2.3298205936007417,0.034534087670989,0.01751388479063921,2.463664847243177,0.055679630270611936,0.002542732187005549,2.4014449001619376,0.0957405958642305,0.021867530067558972,0.0017721005342856211,3.0506012894251233,1.96413628275947,2.00466231320551,0.0006819975051649032,2.2973921972703755,0.004284861275713435,0.002702476380467356,0.017820306330940748,2.2300845904857796,2.2898517561446967,3.1418279733603307,2.990913015816362,0.007940653854355089,1.5161575160286698,0.03239625516359733,2.2930011309382805,0.0076940997803123514,0.007776396641962863,2.522977270002104,0.02851145324055292,2.2327254061471282,0.13082955307334038,0.014525058190268147,2.4480137581059718,0.017005269053664562,0.007596577255098261,0.007421664533315039,0.014036086744484946,0.014638411018953875,2.2282594246327387,0.009336595446424048,3.083494480623416,0.008818924409523301,0.02099189474961113,0.005688509804831045,2.4843672981976423,0.015246397969838931,0.11129076746818964,0.022544755851534544,0.9704715429382164,2.6855069696426486,1.950986395234628,0.0858012431512011,0.13139259113856938,0.0013427380892096546,0.012965286639322459,2.705644313303642,2.7747880649463417,2.215687686665423,0.09338375934050916,2.0412986197024683,2.5119927426317017,0.00021823802857363884,0.25972892785613594,0.02087631288234058,0.026636930103486747,0.016347940250305792,2.6821100554798547,0.01597383141013916,0.037325553376651534,0.006585348758177132,2.380252294527569,0.0020156471283464326,0.03607090786832848,0.004914278803099122,0.0016383677636430012,0.0042234225955448505,0.028522799884443624,0.005323108344218465,0.00153026670162249,2.1052363112418555,0.006403497727964024,2.9697818239702243,0.034322321370303825,0.0029921030768786357,1.9300113938362708,0.0008461881355034944,0.014186564737093815,3.1172588797153984,0.005590247043630273,2.701245062204406,0.07409729457734766,0.0033220020430225483,0.01403348524708538,0.0009528948240983262,3.2401491850271094,0.009499784598939885,0.003158455128826329,0.0017798115665890086,0.0012793641022539413,2.8886622948997016,0.003255630342476473,0.002715726032657813,0.009900536536131016,0.005597324149684048,2.7039975496583892,0.014447249273836397,0.024468350167724657,0.4784664448815558,2.50869551858464,0.0016065528111215454,0.0003216177804328101,0.010140971748931865,0.004639802894781174,2.5495258339033544,0.11885688768091572,2.0927580204951206,1.9565773275737,0.014569379664369513,0.008103928379688655,2.5180190773731126,0.016909418992004013,1.6972163564171057,2.4835207268716366,0.004425434735566867,2.7355437834751437,0.006080175791328496,0.02307706006909008,0.0012887166942937374,0.09495566291603913,2.681856409138203,2.310442622473455,0.012525424437224694,0.027729662398536255,0.015384276938790287,0.010172025871978938,2.2770402303436805,2.4428897063950177,2.2430433525908646
g15,0.011709663891160495,0.003137877937996525,0.008627004631974564,0.10982162560405828,0.027295313075300587,0.0010694285837396626,0.0068011007573400796,2.8426167319468028,0.1838465250199175,2.6494701163747405,2.1536153954512955,2.092126838399341,3.0043546189372057,0.017730081727073056,0.03907693108669864,2.5465794821926555,2.5199397266584707,0.008827545783179692,0.10651625589214572,0.016053619550641572,0.00022383089993863932,0.020217303427138275,0.0018001174772761953,2.46211602284771,3.063466533050496,3.4205442307702736,0.0004590827991108464,3.117138955329025,0.009643498424404184,0.02529579819427206,2.742573285200528,0.02719680511221589,2.4198005723772607,0.015401046068598897,2.109282489388677,0.02449596632728657,0.07457759285514266,0.011039292456570413,0.01810981486963299,0.003820804843724158,0.0018796160055911727,0.014328635456617281,2.9201422753188484,0.02324576504365968,2.5591525920964995,2.077853184243903,0.03687810779606867,0.015624754987055959,1.776214646490179,2.136439671300668,2.2131861755195223,0.010449425871800368,0.0060915577692097645,0.018614136562766996,1.8032395068532248,0.008809255787529115,1.9903953459028751,0.03500921438512712,0.027523691718787144,0.008687234241929359,0.0009540866519962217,2.5736304260098195,0.05784069014236159,0.02249045147447129,2.005657795032888,0.01995474653797644,0.03308111295551943,3.0972995551997973,0.0005945420715851563,0.006961207892457477,0.03071212725712868,2.000648845099863,1.902245730611099,2.1492431924033117,0.0012763148585774324,0.7298210435477539,0.012129374405030464,0.013444156881824076,0.0008808471770007208,1.987344772157504,2.257980955831446,2.654544490434433,2.0285532729634386,0.035387124788467963,0.025444989729298963,0.0011179625911782811,2.399162068525893,0.0350360434109839,0.03553182858146181,2.510958873101887,0.025377126114529518,2.2779506333716197,0.03178448580040954,0.010588586203582884,0.01615442668295233,0.0006481259699351698,0.012560182650174116,0.01185632558828848,0.020880609868751787,0.13338223298207502,2.305050925889792,0.00154031724983806,2.802025908853472,0.04533581251573077,0.03884600867351705,0.003777562919463537,2.824371726687745,0.005490984639644566,0.02327110776316194,0.04231767560812669,0.039535782422126166,2.745409020317719,3.4462642857625854,0.024406130861530883,0.011882894398720707,0.060482576243674174,0.014544924535088431,2.8648856363756585,1.952634456868964,0.3847510319386445,0.0009536046185155406,2.321795544028393,2.4124697312810093,0.0018403256241291464,0.001000227603484497,0.033891768049942386,0.17872593201565692,0.007060678117047235,2.053614122202009,0.013098656335837466,0.01794692812228664,0.0008850862238887551,2.7219378985030196,0.006923798827693845,0.004791011098273176,0.010169332104854772,0.0043650833482188935,0.0018448148053734773,0.036525640223111264,0.0021683250580371368,0.02847090816103728,1.9518665669858044,0.0058991852612468405,2.9872860745508807,0.0024979262675155736,0.035480076430813565,1.8152330698726604,0.0011652067497539744,0.00578630745380844,2.0475410546281827,0.0530841533719501,2.6209672870766507,0.00234340373152828,0.00801501573960118,0.008654010040553595,0.0022089777138209004,3.880900194897277,0.02012554362100089,0.0377538684039591,0.023496847782886868,0.16709037576524668,2.9377404177168,0.0015494094621991545,0.0054366717183151865,0.07688772937990873,9.186215683968712e-05,2.7811430297938866,0.01199429177467943,0.02610680839168576,0.03548769362899519,2.115835454833431,0.04766484688670606,0.017344525781418114,0.008423900353143733,0.0020405962968073513,2.057930358583437,0.0003152768615251886,2.3917258036898588,2.6153079179618866,0.030721662796856574,0.01577973513315907,2.9276103980990804,0.002427345361059441,2.083685161506169,2.9046782053959586,0.07974872442990201,2.2529569330070545,0.010578807059331905,0.0022148692581981195,0.02313262742483758,0.011513258969881802,2.5202384620480056,1.9259017675330108,0.047822735395721586,0.006293940291293584,0.001045725101405744,0.042264170763885146,2.3780673544264066,1.3802800065381629,2.413108745048647
g16,0.004703226589994572,0.037205584978947735,0.004010066935715065,0.1573178608302596,0.0010413532976209763,0.013744733971480945,0.02349745533399117,1.986493426623688,0.038141690854983916,2.2551848554382987,0.0007956548789545353,3.2880045037492343,2.5655542295846616,0.001908697385592147,0.03362445508263173,2.3116814053807024,2.0126823859353022,0.02469710109296196,0.030546226945676942,0.014604872942859618,0.047126297533305175,0.004740067198007337,0.025372011235362518,2.1772766635251206,2.734788229330856,3.4264958206481624,0.015853917489570168,0.07130945246880542,0.0009361472210406217,0.003309444327466912,3.1236665429168617,0.08894100966770105,2.6851215861241053,0.03559986938418699,2.158777050649418,0.0045938730800922645,0.0006900798717952572,0.08842824740664378,0.019904439944089792,0.0012943977381501626,0.017666688614768285,0.003248051428285439,2.950915534715864,0.027093525846909453,3.2342730225995098,2.3606563643581158,0.02516447732921673,0.10971504779007148,0.011840170914184548,2.4951803446733503,3.239736205456338,0.03941478413912879,0.006092939452072262,0.01668910937345444,0.038144889453812836,0.0058781231682149115,0.003486962294776136,0.005821901269263479,0.004060829593453389,0.0037249591709930772,0.0038204130771191617,3.1932924201522304,0.08041819627227079,0.002083692178287318,2.727683340184376,0.013394110933279559,0.0038914268170375742,2.49041838043864,0.008500568880365416,0.0064057177989430185,0.006525703794735858,2.5939253580232795,0.0031153979786670504,2.6541416199469743,0.018273467024552983,0.09436793246914883,0.0028900004015851425,0.003192524844760236,0.00492129349764896,0.08187280850533983,0.19010377132509373,3.0151138621970057,2.2792468654611704,0.021640494219741662,0.003424959327587779,0.024421179927393448,1.3698459029318315,0.02194839103092997,0.010112136682912548,0.33824038043302845,0.05437294083628343,2.187540354788424,0.0063565868492238215,0.0005245884935441211,0.003706900587351689,0.013197305740155695,0.003469265039554268,0.033925584586945966,0.00924503909164378,0.017560373404807438,2.8756953522535764,0.015957191847833653,3.1502767085374184,0.0027020746377431513,0.020606173963733303,0.0039332968985500575,2.801296106773319,0.0024800438472419237,0.009218987564471105,0.014873676138607718,0.059582940888792985,2.470651458942589,2.8041396359256097,0.06197897658214761,0.0013513543858881636,0.0002811038914817313,0.04312237759400348,2.028075434946098,3.0287828410379127,0.0072033278918390295,0.0057969126879178256,2.143007782590578,0.5199758023581544,0.05739421363308887,0.04415179792320431,0.022568535085279062,0.02844372835231664,0.013779737373483756,2.560362387537233,0.0007835762778170848,0.0013568169703031673,0.0022000749752128807,1.8581035563992747,0.10755053233346414,0.0474887718315886,0.00038757694767904433,0.0382597255533577,0.0005901005476811762,0.04395462986967208,0.0070097887856955185,0.00484073864642231,0.02580850490670587,0.027362709466198086,2.470093639217811,0.0011127252210236039,0.024371961572262325,2.8446402051548,0.05153696196461029,0.002550260910304615,0.4753054355013538,0.00960209749658115,2.0101658388118406,0.0014554586228677636,0.03385586276660736,0.0020618557001260696,0.002765636737651567,2.905305055112505,0.002874792588806485,0.00424504833195374,0.01794671715283453,0.004197229593061225,2.6753217826862765,0.01480812329296954,0.0020478841291319628,0.0027285117698749306,0.007213321019551426,1.7025856967079858,0.04608717203217071,0.02363424390757399,0.00911276566966882,0.02124716761078809,0.03567769583057537,0.045939766209432915,0.036692233186664765,0.0034318742878067824,3.367755981796428,0.006374670691687066,2.8706639001331107,2.2160363759793893,0.0057201782875601435,0.004253527365064003,1.1502547224000947,0.013315119761555735,2.914181317688982,2.1445076405840595,0.020561524689188943,2.0229993298274835,0.002684908094749739,0.01077997152450978,0.0037327723417803853,0.01616660034476411,3.1538734465466804,0.0006320079140832983,0.026347996982657915,0.0006269947031450024,0.013909061839645277,0.004501224553958729,2.198706946701146,0.004998323591587152,1.3408502135671472
g17,0.005512851042367221,0.002452518864426741,0.014260460260154569,0.004889536752549157,0.118172770999957,0.10117174423995512,0.01525073895457385,1.2479733999291331,0.028363619263400038,2.0308332205699737,0.002265213445514064,3.070244469091431,0.0919438485138006,0.04885902770221915,0.02854338465071925,0.02679375455435849,0.002528390687437841,0.10533378834969358,0.0042005546351839606,0.003737049229140081,0.012780807506584228,0.009780944540234149,0.005074656300545143,1.7099681168999878,2.7757443755147526,2.6648076582261115,0.10389018031566437,0.01977391147921666,0.044472156999808665,0.03808999817062656,2.8385190115508863,0.0008727401360926245,2.4576438538698397,0.13894821425355675,1.5622452893994072,0.006491735876806732,0.00015168455022847915,0.0015561860694597372,0.0006614341670024147,0.052411472272383235,0.0033488975950711746,0.07184064770343544,2.4113199891323367,0.00025285393963128764,2.5101581879840933,2.1849831656905097,0.0276021906712154,0.004344808968829354,0.025234063455142168,0.6848149235245915,2.131415386628415,0.021208226267852785,0.01570166131483119,0.0014996493233611974,0.00110324042618149,0.004809322769373264,0.007969555463981112,0.11042416721866012,0.00271061855844629,0.06510566142128005,0.037943115624672175,2.710986095682292,0.0066738122555514865,0.10178950784249248,2.6817430364139203,0.007069372862812976,0.00550699513298175,2.6872654796611952,0.01915353084545617,0.0002798471943089901,0.0002553302733035915,1.9943133124888588,0.020791631895048138,2.943477314492935,0.0014241510598518947,0.02169377311284748,0.0235386509683157,0.02577725132743224,0.009502167994272646,0.009914205335775365,0.03871681446669218,2.687958960050004,2.6445214710607226,0.11771740708101308,0.0004947570599172106,0.1012870786010214,0.018862630151630186,0.00881265362865346,0.01787398238087284,0.02901210118449079,0.004537373392299968,2.464531410347313,0.01651115351153668,0.019502591179894814,0.02250753969774821,0.0029820155805209995,0.01785200910402884,0.2784255460302128,0.012263887516241906,0.07022133987355175,2.0719053487989365,0.1158656605709398,0.15233729268907165,0.009622106659265009,0.013540926562840871,0.01585628842252957,3.0872392292841413,0.004173836230362907,0.01785085656302862,0.01236878693159582,0.005881979343280341,3.1458811904376685,2.599981680563911,0.028355939664096087,0.0036118774263567775,0.010872106044073716,0.006527731217343206,2.364704854152896,2.58698911424496,0.0002358246170906667,0.0271029252690489,1.5913331741780188,0.008600175338996676,0.0009644412238171348,0.0012800419054536747,0.02281609994245383,0.003108584492358259,0.008648605556264165,2.1375962268279856,0.016949373305638324,0.054909261578040915,0.0043327575658628995,3.2410321819498984,0.0077970886868171,0.041896471132024486,0.07090787909879832,0.0004968586126998676,0.061883022320937675,0.008824368491279025,0.014883094132613624,0.002477269580339997,0.031608741457843495,0.006372478432085414,0.5682020370567603,0.025013132943468484,0.007292295948267502,2.068064187348397,0.009216646541150704,0.005147479918442821,0.012852068333666427,0.03766041889675055,2.7424189605520133,0.016014646456799418,0.006979057106513664,0.037499707233435486,0.02267045969778574,2.708422986758823,0.0063622109360533825,0.0060138492525848904,0.01215179333671626,0.0026720033564957197,2.5451463835571357,0.010375699887015678,0.011349316034417866,0.05101183808493445,0.040074491375885916,2.8507012443909323,0.03647308272387138,0.003807287979127985,0.00821395271748346,0.04503378572463403,0.12090219714319875,0.0008234447926801018,0.0008645720620322237,0.000497806613287694,1.0648254767831942,0.01673365869966631,1.9121121372992504,2.3246125955045884,0.02349532378464248,0.02316909651204141,0.002387005758422938,0.012241871740561691,3.16355810887841,2.8210074883431093,0.01186834501053958,0.028254164527537026,0.009980546727146142,0.03815176528786122,0.0030484350431207704,0.004805404150530946,0.2035004355204516,0.005584610222408703,0.035468646704397595,0.033028001934546115,0.01926223753338628,0.0006364283472617689,0.18700505035080228,0.00774016109203299,0.024906854634210687
g18,0.0225114125314162,0.04752167309277759,0.003686056114709668,0.0017528511140113055,0.026165093286171046,0.02618556316745501,0.06255991723486021,0.010449793949081573,0.03504392421823172,2.7686337163185297,0.003955671342698067,2.344228670035628,0.008684713757479106,0.0018234429962234926,0.0610524816410779,0.01285693338422418,0.007590635738628712,0.00013091605970914813,0.009383474294696312,0.024942112862883413,0.009441523432610064,0.02867252169251347,0.004659550829678239,0.28605703853456743,1.9505849119588343,2.1268581801015145,0.0029476105835877465,0.003956558532223532,0.0005744141450725093,0.043086647238299136,2.3443001853666257,0.022691479154518027,2.9057194996040616,0.023551103924070657,0.005869943239968218,0.00033641582566098615,0.02168096581693071,0.021372548850608433,0.015787168983085194,0.0363244807512106,0.004067552173175451,0.017323077713764394,0.16383323853896584,0.00019840424831204376,2.314801746403406,0.011989303571617527,0.003366804617407909,0.054510121618066,0.0064130355198923844,0.033154766011735934,0.7154294322489146,0.0937126932844224,0.12939792824004634,0.00017413628461445343,0.02042390927594516,0.016228457444362618,0.04640530274396289,0.03932790551904156,0.017616890394868495,0.03793025251534981,0.04845151806054833,2.7265893647966815,0.0368574083294562,0.02092910491889172,2.7160470243661465,0.02568415271830336,0.03945587981009848,2.181290745088564,0.0018078916817360969,0.016750178118480362,0.0042356345791401346,2.909560498478357,0.009899041763277864,2.7270258960040485,0.003262755992602156,0.008335718391560883,8.528074947235557e-05,0.026822707307062363,0.0019731689718849896,0.017050758557800038,0.02137169606975372,2.4562602272468923,2.4587376482241354,0.001332642760426793,0.020316426942664736,0.0046702375186977955,0.00573622355793838,0.004504346846404971,0.0008564768878186,0.0181817028517305,0.0041252245035505826,2.343694461940797,0.0007039674097759176,0.0010960874881903834,0.08873769636839503,0.0164257822115269,0.009187611626822578,0.007732048486966695,0.0045313049448948975,0.16753881303672352,2.1760446436979577,0.02756672688537424,0.018576396045636115,0.04073960921576356,0.01988720624040162,0.06928986426977048,2.2422991552168576,0.0027789931506887605,0.013772760344199438,0.00501122846315985,0.007027194119333903,1.8606299583302783,2.901784328727105,0.0960175736878336,0.0015347381947151822,0.039732203575958434,0.0026836715759046784,1.4297225788575214,2.6237410828607906,0.008132824063897743,0.0002658814971178095,0.004073370454238682,0.006892164752438772,0.0035986256816074313,0.004765369233601343,0.0013564364138912118,0.11432759246523358,0.0034909940638901144,2.9735747390849885,0.02723463177521641,0.01302776274429911,0.01885732626941821,1.9009832304824688,0.013668986363702429,0.029144586251696525,0.003546919858890456,0.0131007606683861,0.02051048759353217,0.006409151634686172,0.002943414430628025,0.008335128805883734,0.008197113648829905,0.017592794740691267,0.014971498268724084,0.009555831064067764,0.015087918076703462,0.0995457687716398,0.04195579242158712,0.004132224625257305,0.00039285702525347985,0.01353638484783031,2.4553072596409726,0.11890421378807453,0.011696653374540044,0.027971870579777108,0.0008330671877800943,2.168784759692819,0.14756015772196954,0.03650201292992007,0.015108022255633544,0.02219696175639492,0.9995450348187624,0.0020070980919754218,0.005352972289808573,0.06957580735627897,0.022500097954181543,0.024288685022185025,0.005399458951393646,0.003481891587617433,0.017493531966484118,0.0009612036886575944,0.019884598091454733,0.01802012941787672,0.02498201448412961,0.015452783895551731,0.00011246151506051108,0.0031932324061296428,0.022391918177079247,0.16353204986531966,0.0086729441307946,0.03961552958652665,0.0006509596676528929,0.007213841304988931,0.8323729128335322,2.7365780050880946,0.0035420652829842455,0.0572006981371501,0.021443681260369437,0.05791519291820332,0.021458555239233325,6.981753283689425e-07,0.0008013135424524534,0.0038030921488569295,0.008776686681336585,0.011770889063447169,0.029728053253286237,0.013489813713436829,6.557111421445251e-05,0.056042604306616194,0.09437731082068544
g2,1.6565885673431788,1.032056799236666,2.8422353431763767,2.3745512442565437,2.696063938702625,2.606106215841483,2.2768946858679704,3.251383505581416,0.4595336276021821,1.9537692431857177,2.7259206891083423,1.3752718499788814,2.4951046678821607,2.46429340085642,2.2423397743352766,2.3970646798518453,2.7773673351698376,2.6389546031163538,2.15786606303085,2.405321297797644,2.4463203258464823,2.468831308926261,2.1306614908136816,2.838888531774836,0.12698896563521928,2.586663550982835,3.0834432512968943,2.261369225871701,2.911026283074714,2.7346241339637984,3.2746490842580678,2.5168867174699505,2.2221044650082185,2.9832082058066183,1.805144103989079,2.3958900153941958,2.0539238266463777,2.7800858681246363,2.447495566485225,2.6478905485755257,3.2302555338156713,2.7248592847395847,2.1741306144930483,2.8855110999530287,0.006360259916303446,2.0164505413296063,0.5788626085075782,3.0912697377020497,2.716553850033528,2.200556092843052,2.1209525225095516,2.444344861268624,3.5869565762184448,2.696430360542416,2.7989473027141365,2.4720994442817803,2.686950983694344,2.740204321781407,1.9991893173598718,1.7747343313897312,1.9479081137358896,1.7867858586884398,2.899486370952975,0.2270702856700206,2.713571412267595,0.8510519926717792,2.8111917285375565,2.778320934040007,2.3088682083793484,1.8598389413013297,2.3521895996643547,0.5288830357923952,3.2402260232950955,1.9631585038708037,3.6724125226884654,2.20760341129173,1.8480297232180092,2.741210476451473,2.579726099103353,3.1536921644782763,2.051202675021105,3.0833056461142494,0.008044262817869817,2.3678543028674754,2.867154251564373,3.0429360915381714,2.4964066407197194,2.994655064033356,2.4318102495039247,3.0669544409393166,3.1838589203604637,2.6591979413333418,2.5653662359066165,2.224912176635573,2.2630896897462778,2.4807258217779027,0.4474410909464952,3.446527530551565,2.5786674716308036,2.251941765042943,1.9616563301881385,2.7977746873240923,2.503030043857603,2.8622151032846945,2.2742800495019235,2.6336404221419776,0.9166312838271844,0.15024633002327345,2.5499282562146717,0.5525265279567236,2.866874860922422,2.311427229730316,2.4414751765429017,2.5132757397571592,1.9215775583646155,2.788097201867896,2.1207892899208214,2.5477149001101025,2.3655494394681518,3.3852342208882504,2.3514934445029527,2.6191024335237194,1.9072859439922476,3.0199283981463365,2.5205406399010366,2.5062875870896555,2.3426883160080347,2.141718988509578,2.437528308316029,2.184865146494429,3.240176528204126,2.4206404297148807,2.134100482228139,2.4217452700110766,3.1155544032868807,2.2418794442433416,2.319626414875509,2.79118295639971,3.6698359288501488,2.3170171745507244,2.5338747171232967,2.6688135386661997,2.747460998330038,2.398519742045964,2.997840809625023,2.2007835329575847,2.3715000735737966,2.439187581980754,2.6760846665322853,2.274821898715341,2.309820913190665,0.018977635564499558,1.3062402176195642,2.3206506291382785,2.6200373738140823,1.9811713496897816,2.675375136492126,2.4206915500607624,2.879500380573319,2.2412847807557736,2.4941201229760668,2.575976984102016,3.084779605504384,1.8273635167194275,2.7408751229588653,2.096002015840288,2.113741199265102,2.1644715264158982,2.3613898601244383,2.9878598737849247,2.272892259407097,2.763952530544343,3.364628430160946,2.7535405110988527,2.2260322329848337,2.140613675558094,2.99672320144802,2.0786255363498576,2.716363986862397,2.2493526873158514,2.2922298735858497,2.44193146318158,2.4439515726762253,3.1306065699787147,0.11095449018406964,3.027427645195336,2.1376117372861043,2.637312244056464,2.5406523838465658,2.9442229761318117,2.198918720165528,2.815613193745497,2.4047868776349857,2.2914324499393657,2.8234452179463925,2.721034315185289,3.1697448605184984,2.0814823215174263,2.1822947452887616,2.8077694877017727
g3,2.72715570972472,0.0004906859516643445,2.458667067579906,2.368644481234189,2.7249089378760343,2.9908317795384973,2.7879002101224573,2.02439677036981,0.0032226678181954344,2.4539671705549613,2.7431828003298078,3.1095087633473666,2.684803395420865,2.036466281224425,2.2639769574449544,2.472907421638288,2.0963352795062784,1.7666893576283813,1.9617015383727965,2.2427849466856724,2.6840849405231477,2.0984085512334385,2.6617548827244404,2.5465438576166948,2.434998203952195,2.2829345202019207,2.589896077089345,2.2390790570491643,2.8645851014354946,3.160173758828791,2.8080996961593496,2.7283378581893856,2.176656921803501,2.1390106970774285,2.597401356459747,2.4204659424122728,2.063234081320622,2.8419049308406112,2.220230498965857,2.5532363085184637,1.6531381380534518,2.050552129412852,2.5574118124781333,2.4848205636099667,0.6461023901764732,3.294354644815093,0.01720463118104547,2.263840580952124,2.4302631057855835,1.9979728801503776,2.8985020494225253,2.2696452869643715,2.9555977825927866,2.7347461303736402,2.523892176367875,2.483882939881496,2.067137210083257,2.665990642671537,0.02294214917903207,0.27441261375335585,0.024998845057142602,2.7062515863484298,2.3189385281788377,0.008303114941248151,2.6676839441032283,0.01828650013843032,2.821390282779584,3.0733890499710186,3.059419682839124,3.0249532095292206,3.2029657191996628,2.6619796916288623,2.6053851102860284,2.271793890915478,3.1083652874658343,2.067336045047866,1.9901106245293485,2.6521591788734056,2.24595163663468,2.666595901629344,3.2474367501416173,2.9173997824904334,2.0733653809681143,2.275112012047184,2.058680583996437,2.8787532907059754,2.3297566099849703,2.410868006977692,2.230020371080769,2.6803594632921808,2.624305242366336,2.6429271729288493,2.2922129479082556,1.997976359023309,3.0143212112123186,3.011551156009491,0.005303312505232053,2.7359780980588178,2.7186197948446718,0.1601907608602466,2.815103257845144,2.60962684682515,2.4959100225901047,1.6890154420442005,2.9296353156168347,3.0793614641415514,2.2834748640511404,0.04933819468112443,2.1491389049436878,0.003976081361072646,2.0224701903095967,2.7622522192256387,2.356925161416982,2.6305023170083857,2.7291580476036827,2.540612440212316,2.6907859934398597,2.5211713726343836,2.475577132790616,2.6255674965899867,0.044507816326768014,2.403901080792544,3.185678914668581,3.3051651665924315,2.266238084852942,1.3106035859742642,2.278067280439216,2.9868217401069077,2.386376588216519,3.0126861073173328,2.5517964967062854,3.0962123825905143,3.0463456381083147,1.810302593453208,2.9444195462056135,2.323122735892571,2.6344511181260906,3.124190524258621,2.9530518102312704,2.4371921297824564,2.034892752880865,2.973912925532708,2.6615957512257897,2.345810784549556,2.3144474094890235,2.7442581698648025,2.209147941298497,2.0350739879040343,2.091412146190881,2.738957138554224,3.4253326899742236,0.24831685039778126,0.07735485791377983,2.7400533259625504,4.2670531595646395,2.487251325658552,2.322238763087313,2.1681573817649964,2.5163810745771484,2.6432733823282604,2.142684537056743,2.1361104239137165,2.6684402662775084,2.3948945846016776,2.828906868727948,2.40231051100502,2.031253859158552,0.007769842923625956,2.411614122026996,3.5448730970733493,2.645519427646508,3.4342576679606878,2.8916608935088415,2.3213428641657914,2.6754946200323437,2.4806583277793117,2.399010902371841,2.5453677268103814,2.6191495034545853,2.334319575688566,2.3162756719726056,2.2395811502536205,1.7740467767738786,2.201865773012795,3.0262752841533493,0.4581558037049146,3.0139195991770578,0.8164131486385003,2.50899169792654,1.9930822782813544,2.0944033273225084,2.5118997725243957,2.46998753744718,2.3366284572919174,3.0775074477469078,2.865759903502391,1.9949494634271203,2.6282116430427043,2.5793209949953884,3.0321449795130717
g4,2.7684762004893733,0.004966782977949564,2.0875400935152166,2.9464886216197628,2.167807441130499,0.2466396814805597,2.922673956072176,2.4479219191337456,0.030930649007154382,2.497353974586665,1.706604068145814,2.3307012002464744,2.1475820467971354,2.6671033485258397,2.2131408895277547,2.1738199044938047,3.168307267701719,2.537024482537371,2.347884913312095,0.4324600902148081,2.5494108974678413,2.912207969657626,0.06977329777610564,2.7544145401779336,2.365292681437968,2.9029931412847056,1.972669779061168,2.467438585299083,2.9345574401783203,2.8880480871633405,2.3237578175482736,2.6605120085441447,1.5233930005431005,2.2880628831854137,2.426574240127781,2.0799597626927384,0.03534475313303161,2.726247508974516,0.7350674521060082,3.4599811452601337,2.3604134370179217,0.07509984745388243,2.7204424008928307,0.04399009152527083,2.202510274537301,1.8741886317418892,0.047418801414989234,2.3811026428909723,2.407369802126852,3.5111240273080737,2.7001711348016544,2.135351272558595,2.387752051435468,3.1352475850357058,2.387444806002954,2.126814987167759,2.8576948401453826,2.3175292981874995,0.014665074029070984,0.016303810779208627,0.017276131889498426,2.476864877919954,2.8106098313288683,0.0028039699681365058,2.561086388187732,0.002465588066231187,2.268816640111765,1.78128544460508,2.40805294377575,2.5399194553653444,3.426801647020641,3.039779247255612,2.76239261146454,2.6665168782962407,2.7305773181367323,2.5683336966371524,2.6583443204718797,2.7524092704997605,0.20099004827446165,2.2479646841291383,1.877818252047508,2.251624808811879,2.607586419926865,2.321842231110381,1.9789522267643147,2.5823448452849247,2.5597344851458113,2.298839744396666,2.5792239390143634,2.8425405232743297,2.19988333542544,3.438530740164127,0.7533692326705841,2.8306095281554335,2.5128791734638334,2.6523912861723016,0.03117132555858435,2.1035403175415825,2.8497857799755426,0.01030023315826415,2.5434580298871463,2.5846257940508544,2.0570218169547245,2.4354073111755468,3.13311413397024,2.9386722087446984,1.7287185091536272,0.04675742239570774,2.223325833406192,0.015209080071850975,2.255133737801009,2.825708152614609,2.1983323770420635,2.0919257305625703,2.3102138018392475,2.5418810700722525,1.8278472919233035,2.074701298461888,2.3988704110274233,2.345841548794645,0.031914748739642514,2.5738507586490846,2.7328157928260395,2.4235908693888377,2.6810912370717155,0.012217581344539005,2.1884093809268323,2.9204547683922537,2.58230186550615,2.4363147116398656,0.07630767019309326,1.98213025690931,2.11263074711012,2.473780108552825,3.0493087849409664,3.3301023060916473,2.3726947374103613,2.0166161375568508,2.2972690242293456,2.830600031604561,2.5353753035464246,2.443555337020091,2.793252324531409,2.6588470700387807,2.2287592059827093,2.5278889129679682,2.485775924784878,1.3278668527805182,2.440639188210854,2.2033404741988267,2.01035391757953,2.686871749415272,0.0045898651926208995,2.9716847542570686,2.850367783916403,3.2537929644091954,2.6737722474485905,2.356495397388509,2.6475821764442227,2.5054160123075846,2.688109349680143,1.8182510292783085,0.4048233019929716,3.2109265496177684,2.30226892608,2.498411897155179,1.9106349862613643,0.0493587568993268,2.303175853472234,2.9582886319451327,2.6203611601167403,2.714838706853695,2.8243509214768396,3.243977876928665,2.2496607579514905,2.232166030940632,0.15680562045212956,2.5706875681246486,2.519595804011048,3.2953048573966663,2.0958915892001744,3.0758984484545158,2.4071749974834264,2.700255254569235,2.1296711129005432,0.00455636662350664,3.0079185164826487,0.004838715974933291,2.254390804124187,1.186734461670497,2.6606650692168308,2.5154694214331816,2.3729329139073263,1.9003048712564905,1.8315548681131448,3.367177619062512,0.037990032541130536,2.674992905334864,2.690990353110919,2.6090393637925984
g5,1.9807565371077585,0.02382109357239922,2.1330493406544626,2.9788192738922783,2.7715766093766776,0.004778940015546124,2.5107620376151325,2.739845018131023,0.0013791310011300251,2.290730694101553,2.516692294555772,2.645170613171357,2.297746736595648,2.187727865517465,2.969075135298066,2.1299612375059103,3.3956574579104304,2.547445930877546,2.1427305485638217,0.009097150880525151,0.024186186314243567,1.3439797473683806,0.07678227260306393,2.4777056388522785,2.0406350163074802,2.9857489380369904,2.1961776744489465,2.6327446688952505,2.200435854336997,2.6372909691906483,2.596737555549167,2.928328938906543,2.274232375448062,1.75075562167931,2.491857005964212,3.5219288679902583,0.08927489399671902,1.9272070900300449,0.004999853880542373,3.5428042981795684,2.6508881171089067,0.011720568862193066,3.4730328452569186,0.06252385868495405,2.9488539453098914,2.359321712847952,0.00878141877466565,2.673664312520478,2.435410566655249,2.5355219913867573,2.4792456301856243,2.1517023830489843,0.5294226467617805,2.438482762399852,2.2862805249153846,2.8613090602798823,3.2031591491738256,1.7577059083428963,0.000902467306797676,0.0039007663188701494,0.015968472717891126,2.2393120021327064,2.7404983112106005,0.0019244810783280962,2.155660571500203,0.004840890713185514,2.9330758118326936,2.778849267583029,2.3051900436734085,2.2481615238935935,2.327706242370295,2.708092435099196,2.2226376168690707,2.5769722569233444,1.678701738361782,2.942229671267408,2.2865689974520125,3.209350599235337,0.017288515186565663,2.605723119680224,3.1272287266921652,3.610391982661072,2.4047917320553345,2.60157729018887,3.0655621632353918,2.3307644866485577,2.236986639392139,2.361476430926587,2.49043342654227,2.3473769371545123,1.8575082492753725,2.483812561991343,0.06996490496645147,2.6286990906324568,2.235121020226038,3.2610384307905287,0.010417133119283951,1.8036166875846067,0.9521178225546524,0.0026613561401796788,2.5951779057226414,2.1916060814219303,1.9282648820534904,2.8112766208180724,1.9263318674082408,2.4317984114867066,2.061302411021678,0.00811816903005035,2.0348951090277057,0.12742126342248528,3.002488997859974,2.141806904522497,2.542577358012084,1.3890252200277085,2.5926606236596066,2.388074872882008,0.003349893499579487,2.4979875447758633,3.0012117835370966,2.4010679799665,0.04729704072142475,2.711623121455095,2.5859989234846443,2.1028444614962165,2.3785065121061,0.0020643837731379386,2.4526126241335,2.773658752135801,3.4816404024128014,2.467192971916633,0.019267382320599984,0.061821885316971775,2.4554623628097905,2.307992002949536,2.273864164717212,2.6388734183803195,2.6650140880573945,2.9903494724739264,3.1488499012909767,0.2438584200214816,3.381215737673545,2.942897269027167,2.1372204972833457,2.9588197393318936,2.5210071143465798,2.347675189941444,2.5641658602587043,2.7233793152810373,2.3939051264776445,2.8608817216696028,2.7701026451969226,2.5676184092893166,0.038337620904906056,0.06433752828031919,2.7440555388934524,3.1052973925879264,1.914047120456744,2.691059486596368,2.768492605511084,1.837850377354668,2.6731159863538108,2.043895238012647,0.007848132893220873,2.0383535200483283,1.903536686296715,3.3276688239826626,2.2565607833692294,0.0077119543680773716,2.6004183402659824,2.8589986733798605,2.9712402307006496,2.767754773474827,2.956076584507457,2.3929775492675005,2.428609626311073,2.5898246303277666,0.008659795062807259,2.097031411363637,2.315743726118197,2.524985349435497,1.85266917184809,2.8095604366895404,0.009893351769260627,2.4140521922505065,2.448737067834218,0.010416135734302437,2.3065723957830944,0.030753897373854006,1.017707018995735,0.002473397498049562,2.5013799526260705,3.0676703760232638,2.7868914093507464,0.4508058356529322,2.8693082527713054,2.1783511227772725,0.008317048988186616,2.3513030275857174,2.145934214465007,2.5220308941748506
g6,2.2392496887424764,0.054671713300714006,0.0015487436754633825,3.5066946677475928,2.552466373720844,0.08446602720561477,2.0828601777290188,2.503940562552107,0.01942365488961415,2.4544600890497774,2.184009805793196,2.1023525849844957,2.8121348645465516,2.8519590965811186,2.8189698270239614,2.1699458150713995,2.306998218667536,2.6160432969296448,2.5911610190769907,0.021416235331137987,0.031285329904052445,0.013249883174880258,0.02905059739306157,2.392068470258897,2.4960732003269994,2.898214288519651,2.4149340433519537,1.5973883512383378,2.2746086459842347,1.9614459511429527,2.047923394116596,2.340058821370869,1.9382017181175917,2.9956369997523282,2.572859963127149,3.170857111363381,0.04927161093761462,2.840903936601503,0.000971896263764392,1.8666637799719328,2.6336728694820555,0.009347421365316737,2.0676119303809406,0.022236899417301267,2.54409118742846,1.9416895251388848,0.011443153262422795,2.666008174429712,1.9090465527373104,1.9048744983860764,3.2821695444771546,1.868531287064641,0.031147985969152456,0.07459653589779665,2.710276806939638,1.1210517037598435,2.5672821998699398,2.0389506284860297,0.03756434015635071,0.09272174046353084,0.0027462261361744017,3.0549186531251205,2.8934723968305653,0.004811960643934418,2.1232048270443857,0.01933731618530808,2.4405586998362607,2.000860828186914,0.6212202848736745,0.23137257746355924,2.201077829133556,3.035740930516728,3.3878092979420984,2.964439972562239,3.0554193421670766,2.3380992838041696,2.6390175661000095,2.9917216481192863,0.010221380127986485,2.2443727925465318,2.1696569818778486,2.212139468569645,1.8471766049423384,2.6711469607272873,1.7806887794392592,3.3787735417727647,2.6327324720400833,2.3306469395097986,2.7905310020125302,2.741507388016393,2.426270661094284,2.4466295229351696,0.01229504718051878,1.7467927618398738,2.9371747643498085,0.14964954484472232,0.025973984697140656,2.811303603201332,0.029540764209240983,0.008237883129584546,2.5272652159294253,2.7011924532691167,1.9788404654403875,1.9967765405233695,0.02777325659146726,2.418236162272713,2.8407345847693475,0.007196522149479456,0.012293852299282669,0.012452228815225664,3.149271463490016,2.671271936026278,3.3684869824452166,0.027421604637625444,2.3380863014324094,1.1437474152050688,0.006795170704506488,2.042904972280936,2.3256846561967834,2.2522326925042506,0.03207200754253825,2.784203010769621,2.9235453486101224,2.143361049499211,3.5566985209238613,0.02265712427567291,2.7127144774463643,2.7351683377613623,2.4452288773216035,2.5990251078379307,0.021119209477754617,0.036920698251295576,2.3115651679411786,2.5083777770813964,2.216557329901786,2.4979854407510307,2.0451845319513526,2.1577665005105304,2.7455882447184545,0.004237731517166929,2.6517038466047307,2.258528295034293,3.0228055635968856,2.339682519847584,2.8331514769675805,2.524206274982915,2.829027636404215,2.4924003471644194,1.8668440127882489,1.7938184837074873,2.200410288821376,2.6408659562010883,0.013527503659986277,0.019269050834885,2.46907180190514,2.787374401697607,2.5351500047598967,2.9883889830707986,2.4467263370453454,2.304554855352863,2.0956989152564733,2.3675351029078167,0.06591709333887967,0.01955298411866731,3.8650418475033463,2.843752372972665,3.0727299562497987,0.00030515299953597644,2.79417773682019,2.74426381362242,2.932213756507247,2.0771769246753755,2.7271488439331435,2.356359862700661,0.054181685003602084,2.482074534699076,0.016187409291117543,2.818788871438067,2.0353416247597558,2.9680972242243384,0.020102039316683296,2.5993194601925667,0.007049778050433155,1.953136032760265,2.6629311000878464,0.004436361452725211,2.9076493036652415,0.035116847861744266,0.00020280751906066267,0.002009575831150437,2.7644116841881767,2.5319433309992663,2.7476204790479457,0.010434554436249887,2.468745128662418,0.018851654759333432,0.06817449215220099,1.9634263352012504,2.2430276885456517,2.2600538943247503
g7,2.6329610065219224,0.0002271834479062112,0.0076311605425636204,3.1842742603817675,3.2428553830190645,0.04648212122600698,3.2624514757341534,3.1331460890342804,0.13888448784060775,2.0456565907179898,2.837429999492555,2.1663391132386765,2.9016025783211608,2.441205107986449,2.727456478318161,2.090184481939289,2.3848751329584634,1.8639052380521928,2.8528035458157093,0.057339492083596476,0.03998108443088482,0.021835150659386668,0.009598226809349877,2.7667225303531744,2.3792464944989016,3.0391811594088964,2.454367174448832,2.5689727947056804,2.6860390488190107,0.0014577466962409716,2.0385117232656285,2.0903645453244577,2.4289075977074126,2.7265386923140618,2.9114244216345853,2.3674128074399605,0.01882130543616126,2.6878849260074533,0.007618106177576239,0.1603705264523426,3.3741303894384562,0.00808108393629528,3.1980227209647847,0.0017850985069884067,3.184046624555504,2.3935617009168184,0.006136259795066311,2.620619334791901,2.544270435794062,1.7326494827272674,2.7899559247040133,0.017863010807540044,0.002448338271181277,0.003145680873146772,2.219470966124676,0.024008889177188963,3.1853162411579268,2.7157265884914485,0.0284449634174768,0.001512621411301792,0.026817334770223945,2.806799009729299,1.3085959881906206,2.344838984926932e-05,2.790521986020607,0.0009475338735747793,2.0229118166384388,3.5181092743188684,0.006630506758804682,0.031493287325311065,2.111985821198307,2.595246718299009,2.5826418527980084,2.4296963313440063,2.4040033745991547,1.9056865243136107,0.005361287186396391,3.1674343634881903,0.013644597097564465,2.9630867946619524,2.8840830109022386,1.8262904466584369,2.264367900769582,2.4136259296447244,2.1087479311862296,3.0681097658400804,3.1813543904115877,2.148926354159547,2.1874061622068717,2.7516102629501478,1.9090198348671688,2.285711838086596,0.09410811304730796,0.5111528172563387,2.6614048075489047,0.07772626609620667,0.004181664374458603,2.3535725201345543,0.012022939771942086,0.020389364182992663,2.829494448971148,2.3159954618425904,2.118222747164143,2.564454642953437,0.02980282335806553,2.3347169850485283,2.4108958938368783,0.0025825233546857345,0.0016650305160122655,0.016092235340445418,2.667961706964041,2.1586744280661496,2.3250052794582614,0.0688854604146531,2.7424969293021686,0.003823907583249194,0.002761892876135902,2.848258881570928,2.660152702529905,2.5863608528702415,0.02324857295463064,2.8601471231660227,3.0602996930878463,2.678878031586747,2.509662923679857,0.09731249479567601,2.57850413151262,2.4608878695099587,2.7562420595340464,1.943023483015552,0.011377119098800379,0.0022606034339794816,2.761519146255033,2.449510353984765,2.2463829975938823,1.665582972078816,2.6657888114692807,2.551342270922392,2.3116895428936424,0.004309799381459815,3.6343253887138154,2.3097066135708983,2.1385858365873065,2.8618649317013936,2.372811708561372,2.6382232137312327,2.5333219059534207,0.011566532071677349,0.0035587558123964928,2.9417133593360454,2.642896214011155,2.1429294897041884,0.04395730455542403,0.003174442560376684,1.5847287933645324,1.7771586849707603,2.155333576333022,1.900760046598429,2.532298856394246,2.9964582238858823,2.575191549304189,2.3441768972063013,0.0934882093652921,0.0024676201482596327,2.1882381070390173,2.247253278230915,2.081406887725007,0.01926529408713712,2.2475807483647547,1.8889267639474496,2.5001422215376783,2.2708020085252807,0.015283180353682646,1.7223315947848594,0.0077907063623148375,2.1227587443457767,0.017655649732323954,3.1063567525441003,2.6608196626169733,1.7109582035092308,0.0115305260559531,2.7097262054597637,0.01004885226080051,2.674166469912236,1.9755565563616029,0.009447234779598964,2.5457899151330707,0.009840962755542224,0.002103243743505444,0.004749967005468187,3.015669768428903,2.756218105036733,1.969416092339429,0.000550873011598788,2.407054986936456,0.01346232679412342,0.018355959983933013,2.3056793943147693,2.7929664133753658,2.3380064019374376
g8,2.264015179814721,0.008666255474754603,0.00031118489442932997,3.3874299255548426,1.902151689291414,0.022602098290741203,2.658234600447674,2.9098222600778305,0.03191368245207457,1.8401249782790199,1.8797224402672834,2.697759616096193,2.8936514408345118,2.5308002684797795,2.20229752548162,2.7141973552394245,2.4308474817551637,2.4824756345410712,2.064043100415591,0.03675204794305145,0.002321117794632273,0.0871724511730927,0.0006775277665855932,2.040896138476968,2.5773771380865758,2.9528503018496157,2.6534021292358734,2.6836824111850466,2.8671749715912123,0.0004064040511677141,2.2400435654001405,2.4009974050179808,2.2375405247800173,2.4946126436207554,2.4947625255418893,1.8752168459125595,0.0019802565921897977,3.0189544600865994,0.005905890874427632,0.019609155704105888,1.9926268254630328,0.04625597042859299,3.716680152071628,0.0004825135284508278,2.4818074998508246,2.5860028857507618,0.012255839613168264,2.1809274403905192,2.277401038837649,1.8532428489610449,2.125059228106502,0.009803815377527092,0.007761057426955655,5.590303575993315e-05,3.0732607648638766,0.004841649380420598,2.6904889654580435,1.1561449413473648,0.003921651017878602,0.0426853269182845,0.005378563399844369,2.5694400604781107,0.016841116446827557,0.00027386671889526124,2.545389255931035,0.005786714132436035,2.9013551879232597,2.5484906802922507,0.027452812247746917,0.04342945331364545,2.136924531046054,3.0176483218349963,2.129145247965732,2.6446794946944894,2.667674857435685,1.861677887064292,0.049205117011342565,2.0186274729016453,0.00234141352044117,2.110485491807026,2.01690271884842,2.134431993104492,1.93262645735323,3.06184209583776,2.2226218922815355,1.8628378349440844,2.6620020515216316,2.206966376308725,2.4201838567076424,2.5334925103629518,2.444376272394631,2.713120808218095,0.0016471527161916293,0.005634183856212398,2.4535051823954315,0.001052464566204551,0.025375653802179942,2.2756627211294345,0.04168894798441778,0.04048142001460042,2.5552175423580974,2.0438199293775416,2.403268745380593,3.0858724050972564,0.06876544741547558,0.5449241136708146,2.697250351299579,0.008962615719723632,0.012504534079360441,0.023823988221587114,3.087098030135576,2.3983695138028933,2.979666831137642,0.034085455493365245,2.9225295955697437,0.003485441458242413,0.01273685968776203,2.8001833651725057,2.401692509663015,3.1860446137857084,0.0014047504019447019,2.1445537757067115,2.533230456028863,2.6521476301713323,2.643003380838844,0.08565309352740913,2.564155558538748,2.6774908377516637,1.8711022093750247,3.030464102217846,0.0053346652486705,0.007372054790032605,2.2838697033161828,0.0007129432169644107,3.0431505417183,1.3411005491984276,2.0227367028835905,2.661909566468003,2.395338402190885,0.0001743080612251757,2.6255193161746977,2.2211456513690835,2.259676474021126,2.4111878319323226,1.1978164106851,3.384194503031029,2.0600742201118627,0.014560364402577162,0.007210797180027119,2.4630996460367793,2.111797004095933,2.685067958893797,0.010679018977887565,0.04728553059987886,0.012371274105527472,2.3797164698595883,1.987071098564364,3.1886236006537687,2.202485512996794,2.0919931567490733,2.3686211813988787,2.2908249579560565,0.004190237299621097,0.07934894389078186,2.3246047143878443,3.0858292607566433,2.911891031293206,0.012846174484470192,2.4049144727021687,1.7798519620075033,2.5053160339816656,2.354010059904893,0.007826096151345214,0.013444538979788114,0.002791075406353555,2.7198465076092706,0.03006042046316737,2.911604285766946,2.87467836803213,3.335265080428855,0.0186030621217628,2.8701336391675465,0.0072407016162389145,2.4339512125339082,3.349308508163949,0.013591359098801487,2.797195234308255,0.01375096964249374,0.0027396649350637237,0.09978750065376103,2.7339251368133684,2.707767649113665,2.468283691024828,0.1116666161591483,2.3903864871858382,0.0024295715516700024,0.04606141139685588,3.0301734817241117,2.805123411100717,1.9881104454324297
g9,0.7766740511934473,0.0016416161609276187,0.05455103763430515,0.41748791851717104,0.032107280331286785,0.037636549405699916,1.3394832284954763,2.7470978174609195,0.050695284396652274,3.053169740355416,3.1998389655762454,2.99079843257206,2.8028247275130167,2.1229416338421654,2.9807964312854884,1.8000214706457012,3.4101090760384714,2.3086207885060577,0.2890736441249676,0.00975772934082036,0.023580699487127838,0.025100628959539253,0.001929312143897012,2.173016275214462,2.4545538438593617,2.9087110191810037,0.08590505714947214,2.4476158581748657,2.140947577723825,0.002700113586586371,2.2598604147664934,2.669207219438412,2.148659224177415,1.8250141954870944,2.9322209801777506,1.6384008996611554,0.006672956472365307,2.5116295580900085,0.009911875494421844,0.08726948170794853,2.7138884124152893,0.025587842652598537,2.1303660158384847,0.00021095124471660597,2.932446225691064,1.7935535171200918,0.00024649729093983996,0.5016894055947738,2.552127182482438,2.1478439166929686,3.0928249415696096,0.008397355912287519,0.04320986979901605,0.007496248608234201,2.418813359332202,0.00378103196760719,2.5041770883924284,0.024373688159064738,0.01875225629180535,0.019723393834461637,0.02737874701780624,2.302641351616844,0.018408157822643444,0.005848398912931112,2.9516357738677805,0.10745799595176594,2.715218831460461,2.9181424643984983,0.007666407218569153,0.07846357235971378,3.2069731715945666,2.596256234764041,2.5780828558296345,3.046373595654252,2.8644766973342763,2.0240129022301296,0.1577258068686132,0.011078742092049931,0.006838425603484027,2.0948706181638554,2.5758229464496734,2.378716364667976,3.1403117095523103,2.3576085836723943,2.3244063800552124,0.003250329117454328,2.5566574322951983,2.200096490386939,3.0215375116796577,1.9156581539951116,2.4181642596309194,3.1168266435484933,0.015188142285115462,0.026451772171882576,2.452461622279128,0.006048149485516425,0.008304129933519725,2.3786426268257674,0.02679406809466218,0.01055152185611807,2.6680227222067985,2.5141125049226494,2.7982706579784566,2.040245577464142,0.01032310760820906,0.002268661953480761,2.3233014724695606,0.10974478659056168,0.01999698427784724,0.007064716537916174,2.621400455766484,2.06108453114404,2.906210613459118,0.0038502544898356156,3.067474043111088,0.01484011985985458,0.17167859228676388,2.0887708378747325,2.7195646170945666,2.1193008703126237,0.04372865596856447,3.2251892057446465,2.553412853384663,2.862013102571205,2.8896277814414923,0.027101234387550854,2.6055431950690995,2.1209291375601897,3.754039986357253,2.3126969610467047,0.008249974032154573,0.01572365020144345,2.54217388648946,0.0009476062521259684,0.019090624890825445,0.000719940418111421,2.379778337478653,2.1571525818708546,1.011838636544009,0.019083094452222032,3.0017908224104177,2.0859795247134327,0.4244764426902897,2.010201769496942,0.0006116470365548687,2.2142202463973693,1.8447336832916523,0.006847599333360539,0.06811439802360142,3.3972404033032984,2.7949159091775755,2.6543300002394354,0.006224039531681117,0.019058732180530488,0.02617751371881078,2.416379064175539,2.5590810684032927,2.4934149409924493,2.526021768133451,2.2886320059866088,2.2907904592991866,2.3888732496814646,0.041887616134218056,0.0362979596177406,2.3522263167270983,1.9452942090877658,3.1530318073856,0.028056838931159556,3.8557863752024,2.5183428999024,2.4214199344724436,2.8088449139727123,0.005377612405675361,0.006545800013243005,0.05047010587173063,3.1320072569434165,0.014617459605646472,2.0371944411138116,2.4982932073649007,2.8847993155906173,0.1098399798700838,2.558481646858892,0.014618430815898888,2.683724242679541,2.588921787494105,0.030955912605253495,2.547442060343373,0.002596427286924372,0.02233145903864299,0.05314243785614148,2.4557613213397844,2.3272503526905446,2.689444800885229,0.042093387240203284,2.4812047933153814,0.0034242525725337765,0.014113789249102553,3.6740620959774954,2.2182363423397087,3.1661829247987514
